{
  "org": "oss-slu",
  "repo": "oss_dev_analytics",
  "sprints": [
    "Sprint 1",
    "Sprint 2",
    "Sprint 3",
    "Sprint 4",
    "Sprint 5",
    "Sprint 6"
  ],
  "commitFrequency_hcaballero2": [
    0.2857142857142857,
    0.23076923076923078,
    0.38461538461538464,
    0.0,
    0.0,
    0.0
  ],
  "issuesOpened_hcaballero2": [
    4.0,
    4.0,
    3.0,
    4.0,
    0.0,
    0.0
  ],
  "issuesClosed_hcaballero2": [
    4.0,
    3.0,
    3.0,
    3.0,
    0.0,
    0.0
  ],
  "wip_hcaballero2": [
    0.0,
    1.0,
    0.0,
    1.0,
    0.0,
    0.0
  ],
  "blockedIssues_hcaballero2": [
    0.0,
    0.0,
    0.0,
    0.0,
    0.0,
    0.0
  ],
  "defectRate_hcaballero2": [
    0.0,
    0.0,
    0.0,
    0.0,
    0.0,
    0.0
  ],
  "leadTime_hcaballero2": [
    42.29763888888889,
    56.0974074074074,
    56.0974074074074,
    56.0974074074074,
    0.0,
    0.0
  ],
  "cycleTime_hcaballero2": [
    -41.63236111111111,
    56.09712962962963,
    56.09712962962963,
    56.09712962962963,
    0.0,
    0.0
  ],
  "prTimeMerged_hcaballero2": [
    167.70666666666668,
    157.15472222222223,
    0.0,
    0.0,
    0.0,
    0.0
  ],
  "commitFrequency_hollowtree11": [
    0.07142857142857142,
    0.46153846153846156,
    0.07692307692307693,
    0.0,
    0.0,
    0.0
  ],
  "issuesOpened_hollowtree11": [
    2.0,
    2.0,
    2.0,
    1.0,
    0.0,
    0.0
  ],
  "issuesClosed_hollowtree11": [
    2.0,
    2.0,
    2.0,
    1.0,
    0.0,
    0.0
  ],
  "wip_hollowtree11": [
    0.0,
    0.0,
    0.0,
    0.0,
    0.0,
    0.0
  ],
  "blockedIssues_hollowtree11": [
    0.0,
    0.0,
    0.0,
    0.0,
    0.0,
    0.0
  ],
  "defectRate_hollowtree11": [
    0.0,
    0.0,
    0.0,
    0.0,
    0.0,
    0.0
  ],
  "leadTime_hollowtree11": [
    154.85819444444445,
    154.85819444444445,
    154.85819444444445,
    166.75611111111112,
    0.0,
    0.0
  ],
  "cycleTime_hollowtree11": [
    154.85597222222222,
    154.85597222222222,
    154.85597222222222,
    166.7536111111111,
    0.0,
    0.0
  ],
  "prTimeMerged_hollowtree11": [
    6.46,
    106.28055555555555,
    165.38611111111112,
    0.0,
    0.0,
    0.0
  ],
  "commitFrequency_viswanathreddy1017_tl": [
    0.07142857142857142,
    0.38461538461538464,
    0.46153846153846156,
    0.3076923076923077,
    0.0,
    0.0
  ],
  "issuesOpened_viswanathreddy1017_tl": [
    15.0,
    11.0,
    7.0,
    5.0,
    0.0,
    0.0
  ],
  "issuesClosed_viswanathreddy1017_tl": [
    15.0,
    7.0,
    4.0,
    2.0,
    0.0,
    0.0
  ],
  "wip_viswanathreddy1017_tl": [
    0.0,
    4.0,
    3.0,
    3.0,
    0.0,
    0.0
  ],
  "blockedIssues_viswanathreddy1017_tl": [
    0.0,
    0.0,
    0.0,
    0.0,
    0.0,
    0.0
  ],
  "defectRate_viswanathreddy1017_tl": [
    0.0,
    0.0,
    0.0,
    0.0,
    0.0,
    0.0
  ],
  "leadTime_viswanathreddy1017_tl": [
    315.4400925925926,
    485.04853174603176,
    612.4651388888889,
    833.9,
    0.0,
    0.0
  ],
  "cycleTime_viswanathreddy1017_tl": [
    91.4307962962963,
    296.4496825396825,
    491.03680555555553,
    503.4327777777778,
    0.0,
    0.0
  ],
  "prTimeMerged_viswanathreddy1017_tl": [
    0.0,
    0.6702777777777779,
    0.029444444444444443,
    0.003611111111111111,
    0.0,
    0.0
  ]
}