{
  "org": "oss-slu",
  "repo": "oss_dev_analytics",
  "sprints": [
    "Sprint 1",
    "Sprint 2",
    "Sprint 3",
    "Sprint 4",
    "Sprint 5",
    "Sprint 6"
  ],
  "commitFrequency_hcaballero2": [
    0.2857142857142857,
    0.23076923076923078,
    0.38461538461538464,
    0.23076923076923078,
    0.07692307692307693,
    0.0
  ],
  "issuesOpened_hcaballero2": [
    9.0,
    8.0,
    8.0,
    8.0,
    1.0,
    0.0
  ],
  "issuesClosed_hcaballero2": [
    9.0,
    8.0,
    8.0,
    8.0,
    1.0,
    0.0
  ],
  "wip_hcaballero2": [
    0.0,
    0.0,
    0.0,
    0.0,
    0.0,
    0.0
  ],
  "blockedIssues_hcaballero2": [
    0.0,
    0.0,
    0.0,
    0.0,
    0.0,
    0.0
  ],
  "defectRate_hcaballero2": [
    0.0,
    0.0,
    0.0,
    0.0,
    0.0,
    0.0
  ],
  "leadTime_hcaballero2": [
    137.95015432098765,
    155.08163194444444,
    155.08163194444444,
    155.08163194444444,
    27.970833333333335,
    0.0
  ],
  "cycleTime_hcaballero2": [
    87.52382716049382,
    130.41055555555556,
    130.41055555555556,
    88.70142361111111,
    27.970833333333335,
    0.0
  ],
  "prTimeMerged_hcaballero2": [
    167.70666666666668,
    157.15472222222223,
    0.0,
    170.85805555555555,
    0.0,
    0.0
  ],
  "commitFrequency_hollowtree11": [
    0.07142857142857142,
    0.46153846153846156,
    0.07692307692307693,
    0.15384615384615385,
    0.0,
    0.0
  ],
  "issuesOpened_hollowtree11": [
    2.0,
    2.0,
    2.0,
    1.0,
    0.0,
    0.0
  ],
  "issuesClosed_hollowtree11": [
    2.0,
    2.0,
    2.0,
    1.0,
    0.0,
    0.0
  ],
  "wip_hollowtree11": [
    0.0,
    0.0,
    0.0,
    0.0,
    0.0,
    0.0
  ],
  "blockedIssues_hollowtree11": [
    0.0,
    0.0,
    0.0,
    0.0,
    0.0,
    0.0
  ],
  "defectRate_hollowtree11": [
    0.0,
    0.0,
    0.0,
    0.0,
    0.0,
    0.0
  ],
  "leadTime_hollowtree11": [
    154.85819444444445,
    154.85819444444445,
    154.85819444444445,
    166.75611111111112,
    0.0,
    0.0
  ],
  "cycleTime_hollowtree11": [
    154.85597222222222,
    154.85597222222222,
    154.85597222222222,
    166.7536111111111,
    0.0,
    0.0
  ],
  "prTimeMerged_hollowtree11": [
    6.46,
    106.28055555555555,
    165.38611111111112,
    208.39888888888888,
    0.0,
    0.0
  ],
  "commitFrequency_viswanathreddy1017_tl": [
    0.07142857142857142,
    0.38461538461538464,
    0.46153846153846156,
    0.3076923076923077,
    0.07692307692307693,
    0.0
  ],
  "issuesOpened_viswanathreddy1017_tl": [
    18.0,
    12.0,
    9.0,
    7.0,
    2.0,
    0.0
  ],
  "issuesClosed_viswanathreddy1017_tl": [
    18.0,
    10.0,
    7.0,
    5.0,
    1.0,
    0.0
  ],
  "wip_viswanathreddy1017_tl": [
    0.0,
    2.0,
    2.0,
    2.0,
    1.0,
    0.0
  ],
  "blockedIssues_viswanathreddy1017_tl": [
    0.0,
    0.0,
    0.0,
    0.0,
    0.0,
    0.0
  ],
  "defectRate_viswanathreddy1017_tl": [
    0.05555555555555555,
    0.1,
    0.14285714285714285,
    0.2,
    0.0,
    0.0
  ],
  "leadTime_viswanathreddy1017_tl": [
    389.87634259259255,
    568.15125,
    676.5761904761905,
    790.7945555555556,
    1083.381388888889,
    0.0
  ],
  "cycleTime_viswanathreddy1017_tl": [
    210.86341049382716,
    410.29730555555557,
    570.2817857142858,
    606.9381666666667,
    836.1063888888889,
    0.0
  ],
  "prTimeMerged_viswanathreddy1017_tl": [
    0.0,
    0.6702777777777779,
    0.029444444444444443,
    0.003611111111111111,
    0.0,
    0.0
  ]
}